sample_id,true_x,predicted_x,difference_x,true_y,predicted_y,difference_y,true_z,predicted_z,difference_z,true_roll,predicted_roll,difference_roll,position_error_m,roll_error_deg
1101,42.99857171178253,42.87047,0.12810357213409418,-10.72156520320526,-9.943809,0.7777566476022333,7.964647904024705,8.254778,0.2901300043004902,-15.714370966399098,-17.47539,1.761018514191722,0.8399353233900703,1.761018514191722
856,82.02450058935108,79.77914,2.245363931636234,12.3738947443413,12.256627,0.11726766151659263,4.661429203856022,5.217332,0.555902682435482,-28.804582696800757,-36.205227,7.400644201392602,2.316125791547053,7.400644201392602
6436,91.47659906254933,89.08693,2.3896697412602634,-6.898507177889686,-6.73474,0.1637673974636602,-2.3455747425502445,-2.1148353,0.23073948025166047,-18.46250247022053,-19.30355,0.8410482499943122,2.4063628031769695,0.8410482499943122
18719,51.73160180570056,52.221172,0.48957052706310833,5.614960160479427,5.3315563,0.28340384028899734,-8.306253041353237,-8.555865,0.24961224642752455,-19.210167739123552,-21.316717,2.1065494087035965,0.6183068099463214,2.1065494087035965
3282,77.16684397186069,75.68786,1.4789853903177175,16.01923933881521,16.502344,0.48310479265451534,2.600955423565756,2.5431836,0.057771858425985645,30.864583283683928,32.98698,2.1223971545484943,1.5569603762090432,2.1223971545484943
9026,25.96944881762781,27.468773,1.499324070555783,3.757809091617837,4.334298,0.5764890422322608,4.687368037149556,4.822972,0.1356037836817432,-16.189953180207414,-15.908254,0.28169951046864483,1.6120485943390903,0.28169951046864483
10997,65.10082217970371,63.81201,1.2888104609537123,-13.016702747487336,-13.261413,0.24470987305709713,-8.529198636132984,-8.450406,0.0787925616090579,28.68279408072665,30.962986,2.280191911704989,1.314200743417937,2.280191911704989
14862,85.15239618610659,83.057304,2.095091803782367,0.2391482439634948,0.07025072,0.1688975241778045,3.420508747906654,3.196117,0.22439182362076515,-24.624976685060883,-19.461586,5.163390686525727,2.113832474548846,5.163390686525727
18764,40.6258991307369,40.725285,0.09938544567911833,17.559323712139246,17.936523,0.37719972536075375,0.6703902188477517,1.0470136,0.3766234215559958,-10.933599106447446,-11.377355,0.44375551543976144,0.5422197905735371,0.44375551543976144
6147,98.14821962799635,92.5242,5.62401918854323,7.1858981106371225,6.8901086,0.29578952527945646,4.837407845725867,4.223382,0.6140258495710817,5.880206572720098,6.0712104,0.1910038116487982,5.665166460070611,0.1910038116487982
